train_acc_mean,train_acc_std,train_loss_mean,train_loss_std,valid_acc_mean,valid_acc_std,valid_loss_mean,valid_loss_std
0.20000000298023224,0.0,1.8584650480747222,0.20439647068219882,0.2010000029951334,0.014106736189872631,1.8024705100059508,0.004373306507403267
0.20000000298023224,0.0,1.7830469703674316,0.009381281326485507,0.20000000298023224,0.0,1.7763643699884415,0.0007871171312433747
