train_acc_mean,train_acc_std,train_loss_mean,train_loss_std,valid_acc_mean,valid_acc_std,valid_loss_mean,valid_loss_std
0.22200000405311585,0.18524578695873334,62.44108818471432,46.36780593180065,0.19300000332295894,0.16416760084465135,26.42165604352951,9.633229512275056
